File name,Auditor routing
(Buffer_Only)_RunningDog_100210_MY1_2023,fail
(UPDATED)_25095_Colwick_Rd_SNI_20250925.pdf,pass
0_HertfordCountyCertificationDate_022411,pass
0_JLA4_Email_Announcement_20160316,pass
0_Lesson7_4thgrade_RocksMinerals_C_Alligood_Oct08,
0_ManteoAmend1Certif_021209,pass
00_2019_Phase_II_MS4_Training_combined,
00_BriefingBookMay2020Complete,
002_PFAS_Mass_Load_Protocol_8_31_2020,needs_review
009_outfall_COALASHSUMMARY4March_2014,needs_review
01_10_2nd_pub_not_20201215,needs_review
01_10_adilet_2020_3,needs_review
01_10_adilet_2020_4,needs_review
01_10_adilet_2020_5,needs_review
01_10_Corrected_cover_letter_20201221,needs_review
01_12_12_Public_Memo,fail
01_2012_CRFL_Data_Delivery_Specifications,fail
01_2014_CRFL_Sales_Report,pass
01_2018_Agenda_FB_Hydrologics_Mtg_2,pass
01_2018_Agenda_Hydrologics_Mtg_2_002,pass
01_2018_SAR_SouthernFlounder_2018,
01_2019_Consumer_Shellfish_Advisory_ENGLISH,pass
01_2019_shellfish_sale_tag_template,fail
01_2020_SouthernFlounderFMP_Am2_20190923_FINAL,
01_2020MayMFC_BusinessMeetingAgenda,pass
01_Agenda_Timeline,pass
01_August_MFC_Briefing_Book_Complete,
01_bardeninlet,pass
01_CFNM_April_2011_Version_Contract_A,needs_review
01_CFNM_Modeling_the_Cape_Fear_Neuse_River_Basin_Operations…,fail
01_Eno_State_Park_Eco_Flow_Study,pass
01_Fact_Sheet_Kaballco.pdf,pass
01_Fact_Sheet_Kaballco.pdf_2,pass
01_Fact_Sheet_SKA.pdf,pass
01_Fact_Sheet_SKA.pdf_2,pass
01_Flow_Scenarios,fail
01_HB_1743_SAB_Purpose_Brief_Tom_Reeder,fail
01_IFIM_Aquatic_Habitat_Modeling_Ty_Ziegler,
01_January_2012_CPAs,needs_review
01_January_2013_CPAs,pass
01_January_2014_CPAs,pass
01_JLR4_Agenda_Schedule,needs_review
01_NCDAQ_Final_RH_SIP_Transmittal_Letter_040422.pdf,needs_review
01_NRBM_Agenda_032509,pass
01_NRHM_Agenda_111208,pass
01_NRHM_AgIrrig_Data_MoffattNichol_Draft_Report_050709,needs_review
01_NRHM_Meeting_Agenda_052708,pass
01_NRHM_Project_Contract,pass
01_NS_FB_New_Watauga_Kickoff_meeting_04_10_2018,fail
01_NS_FB_New_Watauga_Kickoff_meeting_04_10_2018_2,fail
01_NS_YPDL_Kickoff_meeting_03042020,fail
2019-white-lake-sav-report,pass
2020-waccamaw-sav-report,needs_review
2020-white-lake-sav-report,pass
2021-white-lake-sav-report,pass
2023-lake-gaston-sav-report,fail
2023-roanoke-rapids-sav-report,pass
Allen_Meeting_Officer_Report_20160422,needs_review
Asheville_Mtg_Officer_Report_FINAL_051316,needs_review
Belews_Mtg_Officer_Report_FINAL_051316,needs_review
BLACK_SEA_BASS_–_COMMERCIAL_FISHING_OPERATIONS_–_ATLANTIC_OCEAN_–_NORTH_OF_CAPE_HATTERAS,needs_review
Buck_Meeting_Officer_Report_Final_5_13_16_00000002,pass
Cape_Fear_Mtg_Officer_Report_FINAL_051316,needs_review
CCR_Dam_Rules_09042018,fail
Cliffdale_Landfill_USFWS_–_April_18,fail
Dan_River_Meeting_Officer_Report_Final_5_13_16,pass
DC790003_February_2022_Risk_Management_Plan,
DEQ_Risk_Calculator_User_Guide_(February_2024),fail
DSCA_Compliance_Voluntary_Self-Inspection_Checklist_for_Petroleum_and_Alternative-solvent_Dry_Cleaners_Form,needs_review
DSCA_DC_920069_January_2024_Risk_Management_Plan,
DSCA_Fund_Program_Statistics_March_2021,pass
DSCA_November_2023_Case_Studies,pass
DSCA_November_2023_Meeting_Minutes,pass
East_Carolina_Landfill_Draft_permit,
Energy_Balance_Malvika_Ogale_Novo_Nordisk,fail
IHSB_Annual_Land_Use_Restriction_Report_Form,pass
International_Tie_Disposal_1hrNO2_Model_Review_Report,needs_review
Lake-Tillery-Aquatic-Plant-Reporting,fail
Lake-Tillery-Hydrilla-Management,fail
Lee_Meeting_Officer_Final_5_13_16,needs_review
Marshall_Meeting_Officer_Final_5_13_16,pass
MayoMeetingOfficerReport_20160428,needs_review
"Networking_&_Outreach_Efforts_Kate_MacLeod,_ESI_Outreach_Coordinator",pass
PFAS_Data_Synthesis_Support_STEP_Initiative_2022,pass
POTS_OPEN_–_ATLANTIC_OCEAN_AND_INTERNAL_COASTAL_AND_JOINT_FISHING_WATERS_WEST_AND_SOUTH_OF_HIGHWAY_58_BRIDGE,pass
Primary_Nursery_Areas,pass
PRLF_Durham_Parks_June_2024_Update,pass
Questions_(and_Answers)_about_the_LASII_Stormwater_Funding_Program,fail
Riverbend_Meeting_Officer_Report_Final_5_13_16,pass
Rogers_Mtg_Officer_Report_FINAL_051316,needs_review
RoxboroMeetingOfficerReport_20160428,needs_review
Shallow_Draft_Navigation_Channel_Dredging_and_Aquatic_Weed_Fund,fail
Southside_Park_Landfill_Surface_Water_Assessment,fail
Southside_Park_Stream_Sediment_Assessment,pass
SSAB_Meeting_April_2025,needs_review
SuttonMeetingOfficerReport_20160428,pass
t2023-2024_DMS_Annual_Report,skipped
tVolkswagen_Settlement_Community_&_Destination_ZEV_Charging_RFP_Webinar_Slides,fail
WeatherspoonMeetingOfficerReport_20160428,pass
Web_Meeting_Etiquette_PDF,pass
